{
    "length": 142,
    "molecular_weight": 15257.885,
    "pI": 9.21,
    "freq_A": 0.14788732394366197,
    "freq_R": 0.02112676056338028,
    "freq_N": 0.028169014084507043,
    "freq_D": 0.056338028169014086,
    "freq_C": 0.007042253521126761,
    "freq_E": 0.028169014084507043,
    "freq_Q": 0.007042253521126761,
    "freq_G": 0.04929577464788732,
    "freq_H": 0.07042253521126761,
    "freq_I": 0,
    "freq_L": 0.1267605633802817,
    "freq_K": 0.07746478873239436,
    "freq_M": 0.02112676056338028,
    "freq_F": 0.04929577464788732,
    "freq_P": 0.04929577464788732,
    "freq_S": 0.07746478873239436,
    "freq_T": 0.06338028169014084,
    "freq_W": 0.007042253521126761,
    "freq_Y": 0.02112676056338028,
    "freq_V": 0.09154929577464789
}